Transaction ID,Transaction Amount,Transaction Location,Transaction Time,Cardholder ID,Is Fraud?
TXN00001,2867.65,Los Angeles,2023-03-08 13:04:00,CH000,0
TXN00002,690.13,Houston,2023-03-05 12:35:00,CH001,0
TXN00003,4276.17,Houston,2023-10-05 20:45:00,CH002,0
TXN00004,4281.44,New York,2023-02-27 14:31:00,CH003,1
TXN00005,3521.5,Phoenix,2023-07-24 13:48:00,CH004,0
TXN00006,2443.44,Los Angeles,2023-10-05 01:59:00,CH005,0
TXN00007,3767.88,Phoenix,2023-03-21 14:52:00,CH006,0
TXN00008,1734.07,Chicago,2023-04-10 05:59:00,CH007,0
TXN00009,2773.36,Chicago,2023-08-10 14:41:00,CH008,0
TXN00010,737.06,Los Angeles,2023-02-10 17:26:00,CH009,0
TXN00011,4113.15,New York,2023-10-08 06:48:00,CH010,0
TXN00012,3932.45,Houston,2023-11-26 15:26:00,CH011,0
TXN00013,2493.14,Los Angeles,2023-09-26 00:23:00,CH012,0
TXN00014,976.04,Phoenix,2023-02-26 07:54:00,CH013,0
TXN00015,3700.45,Chicago,2023-06-03 12:46:00,CH014,0
TXN00016,3285.71,Phoenix,2023-09-24 01:35:00,CH015,0
TXN00017,3120.18,Phoenix,2023-12-16 18:30:00,CH016,0
TXN00018,4696.46,New York,2023-08-25 13:04:00,CH017,0
TXN00019,311.01,Houston,2023-10-20 20:14:00,CH018,0
TXN00020,3092.97,Chicago,2023-03-07 00:31:00,CH019,0
TXN00021,3797.24,Los Angeles,2023-02-26 22:29:00,CH020,0
TXN00022,881.34,Chicago,2023-05-16 00:21:00,CH021,0
TXN00023,1202.96,Chicago,2023-12-26 04:20:00,CH022,0
TXN00024,4895.34,Chicago,2023-09-01 07:13:00,CH023,0
TXN00025,3723.1,New York,2023-09-23 11:05:00,CH024,0
TXN00026,4952.9,Houston,2023-07-16 01:06:00,CH025,0
TXN00027,3491.06,Los Angeles,2023-09-24 03:15:00,CH026,0
TXN00028,965.66,Los Angeles,2023-07-14 03:43:00,CH027,0
TXN00029,3766.23,Phoenix,2023-10-18 04:02:00,CH028,0
TXN00030,2588.88,Los Angeles,2023-04-17 09:16:00,CH029,0
TXN00031,62.9,Los Angeles,2023-01-02 19:55:00,CH030,0
TXN00032,3721.55,Houston,2023-10-12 12:35:00,CH031,0
TXN00033,2547.1,Chicago,2023-05-21 23:19:00,CH032,0
TXN00034,863.82,Phoenix,2023-02-11 22:01:00,CH033,0
TXN00035,446.26,Houston,2023-01-26 21:19:00,CH034,0
TXN00036,4148.62,Phoenix,2023-01-03 20:31:00,CH035,0
TXN00037,231.04,Houston,2023-09-15 02:13:00,CH036,0
TXN00038,4571.05,Phoenix,2023-01-12 23:01:00,CH037,1
TXN00039,3579.95,Phoenix,2023-01-27 15:18:00,CH038,0
TXN00040,1331.38,Los Angeles,2023-08-17 02:45:00,CH039,0
TXN00041,3365.29,Chicago,2023-12-20 03:27:00,CH040,0
TXN00042,185.09,Los Angeles,2023-09-12 16:55:00,CH041,0
TXN00043,1689.43,Los Angeles,2023-05-16 12:01:00,CH042,0
TXN00044,2860.9,New York,2023-07-09 00:27:00,CH043,0
TXN00045,2576.43,Los Angeles,2023-03-13 07:47:00,CH044,0
TXN00046,2225.05,Phoenix,2023-02-27 18:47:00,CH045,0
TXN00047,4248.94,New York,2023-01-27 07:14:00,CH046,1
TXN00048,346.84,Chicago,2023-11-17 01:49:00,CH047,0
TXN00049,2386.54,Houston,2023-08-25 17:02:00,CH048,0
TXN00050,3858.85,Los Angeles,2023-04-02 06:48:00,CH049,0
TXN00051,193.76,Los Angeles,2023-05-15 20:41:00,CH050,0
TXN00052,2053.82,Phoenix,2023-12-04 12:45:00,CH051,0
TXN00053,3097.64,Chicago,2023-01-26 22:15:00,CH052,0
TXN00054,4309.55,Phoenix,2023-10-17 02:02:00,CH053,0
TXN00055,482.12,Los Angeles,2023-07-07 11:10:00,CH054,0
TXN00056,639.85,Houston,2023-08-02 13:25:00,CH055,0
TXN00057,1232.35,Los Angeles,2023-02-02 06:20:00,CH056,0
TXN00058,807.01,Houston,2023-02-14 17:48:00,CH057,0
TXN00059,1365.09,Houston,2023-02-25 14:52:00,CH058,0
TXN00060,2100.6,New York,2023-09-02 22:37:00,CH059,0
TXN00061,1793.67,Los Angeles,2023-08-22 11:16:00,CH060,0
TXN00062,964.99,Houston,2023-07-23 23:33:00,CH061,0
TXN00063,832.28,Houston,2023-10-26 01:25:00,CH062,0
TXN00064,1759.12,Houston,2023-10-26 15:22:00,CH063,0
TXN00065,1017.37,Los Angeles,2023-09-02 01:15:00,CH064,0
TXN00066,89.9,Chicago,2023-04-28 11:48:00,CH065,0
TXN00067,1541.6,New York,2023-07-28 23:25:00,CH066,0
TXN00068,364.79,New York,2023-12-02 19:53:00,CH067,0
TXN00069,4152.58,Phoenix,2023-11-16 22:47:00,CH068,0
TXN00070,3465.78,Phoenix,2023-06-25 00:53:00,CH069,0
TXN00071,4014.84,Phoenix,2023-03-18 20:57:00,CH070,0
TXN00072,2233.6,Houston,2023-03-06 17:13:00,CH071,0
TXN00073,1186.46,Phoenix,2023-02-17 09:48:00,CH072,0
TXN00074,4597.87,New York,2023-08-25 19:41:00,CH073,1
TXN00075,2544.71,Phoenix,2023-10-18 12:23:00,CH074,0
TXN00076,207.12,New York,2023-05-22 15:52:00,CH075,0
TXN00077,501.3,New York,2023-06-11 19:11:00,CH076,0
TXN00078,419.55,New York,2023-12-27 15:19:00,CH077,0
TXN00079,1721.43,Los Angeles,2023-12-10 05:02:00,CH078,0
TXN00080,4635.51,Chicago,2023-12-26 10:16:00,CH079,1
TXN00081,356.86,Phoenix,2023-07-27 20:34:00,CH080,0
TXN00082,890.99,New York,2023-09-06 12:09:00,CH081,0
TXN00083,1108.54,Phoenix,2023-11-22 09:15:00,CH082,0
TXN00084,4885.45,Phoenix,2023-04-19 23:17:00,CH083,1
TXN00085,3355.9,Phoenix,2023-11-12 00:31:00,CH084,0
TXN00086,3718.74,Chicago,2023-07-19 16:37:00,CH085,0
TXN00087,737.91,New York,2023-05-24 03:15:00,CH086,0
TXN00088,1777.92,Phoenix,2023-05-12 23:15:00,CH087,0
TXN00089,1534.81,Houston,2023-11-11 06:12:00,CH088,0
TXN00090,1375.3,New York,2023-07-02 16:38:00,CH089,0
TXN00091,3965.56,New York,2023-07-15 08:42:00,CH090,0
TXN00092,3236.3,Los Angeles,2023-01-04 20:11:00,CH091,0
TXN00093,857.38,Phoenix,2023-11-07 17:50:00,CH092,0
TXN00094,2815.67,New York,2023-07-07 20:50:00,CH093,0
TXN00095,735.98,New York,2023-10-20 18:51:00,CH094,0
TXN00096,3153.57,New York,2023-03-19 17:56:00,CH095,0
TXN00097,2806.48,Houston,2023-11-05 21:11:00,CH096,0
TXN00098,198.37,Los Angeles,2023-09-19 04:02:00,CH097,0
TXN00099,2275.18,Los Angeles,2023-09-02 03:18:00,CH098,0
TXN00100,4016.15,Phoenix,2023-07-01 21:23:00,CH099,0
TXN00101,2027.52,Houston,2023-07-02 11:19:00,CH000,0
TXN00102,3967.56,Los Angeles,2023-07-12 09:09:00,CH001,0
TXN00103,1142.45,Chicago,2023-03-17 15:41:00,CH002,0
TXN00104,3978.84,Chicago,2023-11-05 21:41:00,CH003,0
TXN00105,778.07,Houston,2023-04-08 05:21:00,CH004,0
TXN00106,1669.72,Houston,2023-05-11 08:10:00,CH005,0
TXN00107,1031.83,Phoenix,2023-01-18 11:09:00,CH006,0
TXN00108,4149.04,Chicago,2023-07-12 10:47:00,CH007,0
TXN00109,2722.9,Phoenix,2023-09-20 09:42:00,CH008,0
TXN00110,511.77,Houston,2023-08-12 23:37:00,CH009,0
TXN00111,4659.52,Chicago,2023-04-11 00:25:00,CH010,0
TXN00112,2576.54,Houston,2023-12-26 12:23:00,CH011,0
TXN00113,2141.94,Chicago,2023-06-19 23:36:00,CH012,0
TXN00114,3058.55,Houston,2023-04-09 00:05:00,CH013,0
TXN00115,90.98,New York,2023-12-02 00:31:00,CH014,0
TXN00116,2990.1,Houston,2023-07-14 22:23:00,CH015,0
TXN00117,3799.62,Houston,2023-10-15 06:15:00,CH016,0
TXN00118,2155.24,Phoenix,2023-03-18 16:34:00,CH017,0
TXN00119,3689.6,Houston,2023-09-27 17:04:00,CH018,0
TXN00120,4844.81,Chicago,2023-08-16 12:10:00,CH019,0
TXN00121,2841.5,Phoenix,2023-06-20 08:48:00,CH020,0
TXN00122,539.23,Houston,2023-11-13 20:23:00,CH021,0
TXN00123,998.28,Phoenix,2023-12-21 20:28:00,CH022,0
TXN00124,1125.17,New York,2023-06-02 06:11:00,CH023,0
TXN00125,4103.46,Phoenix,2023-01-20 07:25:00,CH024,1
TXN00126,2198.56,Houston,2023-03-24 09:54:00,CH025,0
TXN00127,4732.24,Chicago,2023-03-17 15:03:00,CH026,1
TXN00128,3234.51,Chicago,2023-08-19 01:03:00,CH027,0
TXN00129,3857.38,Houston,2023-02-20 18:39:00,CH028,0
TXN00130,191.37,Los Angeles,2023-04-14 21:04:00,CH029,0
TXN00131,4246.97,Chicago,2023-05-22 07:51:00,CH030,0
TXN00132,1616.31,New York,2023-09-02 08:19:00,CH031,0
TXN00133,2015.4,New York,2023-06-04 14:07:00,CH032,0
TXN00134,317.37,Phoenix,2023-10-08 19:35:00,CH033,0
TXN00135,2880.53,Houston,2023-04-26 01:35:00,CH034,0
TXN00136,4376.15,Houston,2023-04-13 17:45:00,CH035,1
TXN00137,4269.79,Chicago,2023-09-24 13:12:00,CH036,1
TXN00138,1174.02,Los Angeles,2023-11-18 04:20:00,CH037,0
TXN00139,1415.93,Houston,2023-06-22 07:50:00,CH038,0
TXN00140,724.38,Chicago,2023-03-11 11:28:00,CH039,0
TXN00141,4742.29,Los Angeles,2023-06-23 11:45:00,CH040,0
TXN00142,4660.79,New York,2023-11-23 11:02:00,CH041,0
TXN00143,2586.66,Houston,2023-08-06 00:07:00,CH042,0
TXN00144,2879.24,Chicago,2023-01-09 11:03:00,CH043,0
TXN00145,4345.7,Los Angeles,2023-12-24 14:48:00,CH044,0
TXN00146,985.82,Chicago,2023-02-11 17:21:00,CH045,0
TXN00147,1476.86,Chicago,2023-07-21 13:29:00,CH046,0
TXN00148,2757.91,Chicago,2023-09-24 21:43:00,CH047,0
TXN00149,3901.77,Los Angeles,2023-05-16 17:52:00,CH048,0
TXN00150,3346.29,Chicago,2023-05-02 08:00:00,CH049,0
TXN00151,1881.71,Houston,2023-12-05 03:02:00,CH050,0
TXN00152,3896.75,Los Angeles,2023-08-16 03:58:00,CH051,0
TXN00153,252.18,Chicago,2023-03-20 18:48:00,CH052,0
TXN00154,3962.71,Houston,2023-10-24 19:33:00,CH053,0
TXN00155,3934.82,Houston,2023-03-25 02:03:00,CH054,0
TXN00156,585.34,Phoenix,2023-06-14 17:15:00,CH055,0
TXN00157,4473.36,Phoenix,2023-09-21 02:50:00,CH056,1
TXN00158,3401.83,Chicago,2023-10-11 20:36:00,CH057,0
TXN00159,568.64,Houston,2023-01-26 05:27:00,CH058,0
TXN00160,2852.68,New York,2023-11-07 03:37:00,CH059,0
TXN00161,4423.28,Chicago,2023-03-16 19:41:00,CH060,0
TXN00162,2001.08,Los Angeles,2023-06-01 19:57:00,CH061,0
TXN00163,1290.34,Los Angeles,2023-11-27 21:34:00,CH062,0
TXN00164,2713.14,New York,2023-02-12 01:16:00,CH063,0
TXN00165,1005.85,New York,2023-02-03 21:15:00,CH064,0
TXN00166,4137.34,New York,2023-06-07 21:53:00,CH065,1
TXN00167,145.47,Phoenix,2023-10-14 05:58:00,CH066,0
TXN00168,2500.62,Los Angeles,2023-05-20 12:27:00,CH067,0
TXN00169,2645.11,Phoenix,2023-08-02 08:56:00,CH068,0
TXN00170,222.91,Houston,2023-01-09 02:03:00,CH069,0
TXN00171,783.73,Los Angeles,2023-10-11 05:36:00,CH070,0
TXN00172,1753.18,Los Angeles,2023-11-10 09:24:00,CH071,0
TXN00173,2974.38,Los Angeles,2023-06-12 02:36:00,CH072,0
TXN00174,415.6,New York,2023-02-20 10:16:00,CH073,0
TXN00175,2511.28,Los Angeles,2023-12-13 22:43:00,CH074,0
TXN00176,763.48,New York,2023-08-12 18:33:00,CH075,0
TXN00177,1291.57,Phoenix,2023-02-20 08:31:00,CH076,0
TXN00178,3785.31,Los Angeles,2023-04-17 10:25:00,CH077,0
TXN00179,3956.96,Los Angeles,2023-09-22 07:57:00,CH078,0
TXN00180,2580.97,New York,2023-06-03 06:28:00,CH079,0
TXN00181,1829.36,New York,2023-02-04 16:26:00,CH080,0
TXN00182,3300.8,Chicago,2023-01-21 05:53:00,CH081,0
TXN00183,2170.59,Houston,2023-01-11 23:00:00,CH082,0
TXN00184,1680.0,Phoenix,2023-01-15 23:23:00,CH083,0
TXN00185,4053.93,Phoenix,2023-10-08 03:03:00,CH084,0
TXN00186,16.25,Los Angeles,2023-06-12 11:34:00,CH085,0
TXN00187,432.68,Chicago,2023-10-21 15:23:00,CH086,0
TXN00188,4463.55,Phoenix,2023-12-28 02:40:00,CH087,0
TXN00189,141.41,New York,2023-05-19 19:12:00,CH088,0
TXN00190,779.87,Houston,2023-09-15 11:55:00,CH089,0
TXN00191,3764.28,New York,2023-04-08 09:09:00,CH090,0
TXN00192,3654.3,Phoenix,2023-09-14 00:07:00,CH091,0
TXN00193,2546.85,Houston,2023-06-21 19:07:00,CH092,0
TXN00194,4318.19,New York,2023-11-07 22:58:00,CH093,1
TXN00195,4163.31,Houston,2023-04-08 15:54:00,CH094,1
TXN00196,134.97,Phoenix,2023-11-20 08:31:00,CH095,0
TXN00197,795.99,New York,2023-05-20 22:16:00,CH096,0
TXN00198,1970.18,Houston,2023-10-20 10:03:00,CH097,0
TXN00199,2751.39,Chicago,2023-03-10 22:16:00,CH098,0
TXN00200,2053.69,New York,2023-03-08 09:05:00,CH099,0
TXN00201,3453.27,New York,2023-01-11 22:35:00,CH000,0
TXN00202,2243.3,Phoenix,2023-07-22 00:50:00,CH001,0
TXN00203,3056.8,Houston,2023-07-28 02:34:00,CH002,0
TXN00204,506.3,Houston,2023-06-23 00:23:00,CH003,0
TXN00205,2863.59,Chicago,2023-07-26 14:13:00,CH004,0
TXN00206,4217.49,New York,2023-08-21 18:08:00,CH005,1
TXN00207,4264.82,Chicago,2023-01-19 01:50:00,CH006,1
TXN00208,3421.33,Chicago,2023-06-14 02:02:00,CH007,0
TXN00209,4131.52,Houston,2023-09-20 03:44:00,CH008,1
TXN00210,3064.43,Chicago,2023-04-27 23:41:00,CH009,0
TXN00211,784.07,Los Angeles,2023-10-10 16:31:00,CH010,0
TXN00212,1754.53,Houston,2023-04-21 08:06:00,CH011,0
TXN00213,828.05,Phoenix,2023-09-13 14:33:00,CH012,0
TXN00214,2007.45,Houston,2023-10-23 18:26:00,CH013,0
TXN00215,3382.44,Chicago,2023-11-08 02:13:00,CH014,0
TXN00216,592.16,Los Angeles,2023-08-23 15:58:00,CH015,0
TXN00217,1189.56,Los Angeles,2023-01-12 16:04:00,CH016,0
TXN00218,1614.05,Phoenix,2023-06-27 14:52:00,CH017,0
TXN00219,2875.75,Houston,2023-07-27 20:13:00,CH018,0
TXN00220,3100.29,Phoenix,2023-07-17 22:48:00,CH019,0
TXN00221,2755.44,Phoenix,2023-01-01 19:56:00,CH020,0
TXN00222,1646.25,Chicago,2023-01-06 10:03:00,CH021,0
TXN00223,1875.39,Houston,2023-05-04 19:54:00,CH022,0
TXN00224,4021.12,Phoenix,2023-04-28 11:37:00,CH023,1
TXN00225,977.32,Houston,2023-09-12 15:44:00,CH024,0
TXN00226,1601.56,Los Angeles,2023-09-15 22:20:00,CH025,0
TXN00227,1288.93,Los Angeles,2023-08-02 04:34:00,CH026,0
TXN00228,1296.79,Los Angeles,2023-05-04 09:17:00,CH027,0
TXN00229,2437.3,Houston,2023-06-21 00:37:00,CH028,0
TXN00230,2345.1,Houston,2023-10-16 01:35:00,CH029,0
TXN00231,325.16,Phoenix,2023-01-22 09:22:00,CH030,0
TXN00232,1350.36,Phoenix,2023-05-18 21:09:00,CH031,0
TXN00233,1566.01,Chicago,2023-06-10 23:49:00,CH032,0
TXN00234,1174.55,Houston,2023-06-05 03:55:00,CH033,0
TXN00235,2425.27,Houston,2023-08-05 22:21:00,CH034,0
TXN00236,2267.86,New York,2023-04-13 05:46:00,CH035,0
TXN00237,738.25,New York,2023-02-01 13:32:00,CH036,0
TXN00238,1017.83,Houston,2023-10-28 03:41:00,CH037,0
TXN00239,2578.02,Houston,2023-11-02 14:09:00,CH038,0
TXN00240,4820.48,Chicago,2023-10-17 08:55:00,CH039,0
TXN00241,2552.45,Chicago,2023-05-06 10:40:00,CH040,0
TXN00242,3414.07,Phoenix,2023-06-06 06:48:00,CH041,0
TXN00243,2549.32,Los Angeles,2023-04-08 05:16:00,CH042,0
TXN00244,3615.74,New York,2023-11-25 05:28:00,CH043,0
TXN00245,1026.46,Houston,2023-02-13 20:36:00,CH044,0
TXN00246,3128.7,New York,2023-04-02 20:21:00,CH045,0
TXN00247,899.88,Los Angeles,2023-07-01 08:46:00,CH046,0
TXN00248,4902.85,Phoenix,2023-12-12 07:58:00,CH047,1
TXN00249,4932.35,Chicago,2023-09-09 18:40:00,CH048,1
TXN00250,714.52,Chicago,2023-01-10 16:56:00,CH049,0
TXN00251,1505.51,Phoenix,2023-06-21 04:05:00,CH050,0
TXN00252,4780.69,Los Angeles,2023-06-14 16:16:00,CH051,1
TXN00253,4726.31,Phoenix,2023-12-07 21:38:00,CH052,1
TXN00254,2324.21,Houston,2023-06-24 16:58:00,CH053,0
TXN00255,2880.55,New York,2023-09-07 14:54:00,CH054,0
TXN00256,455.42,Los Angeles,2023-12-18 07:57:00,CH055,0
TXN00257,678.48,Houston,2023-06-10 23:16:00,CH056,0
TXN00258,2878.36,Phoenix,2023-12-01 05:44:00,CH057,0
TXN00259,2288.84,New York,2023-05-08 20:47:00,CH058,0
TXN00260,996.44,Houston,2023-05-26 22:01:00,CH059,0
TXN00261,4201.85,Los Angeles,2023-02-18 13:07:00,CH060,1
TXN00262,4986.48,Los Angeles,2023-08-20 20:23:00,CH061,0
TXN00263,3942.61,New York,2023-10-27 14:32:00,CH062,0
TXN00264,4629.18,Chicago,2023-08-17 00:51:00,CH063,0
TXN00265,1399.03,Chicago,2023-05-25 10:55:00,CH064,0
TXN00266,3456.27,Houston,2023-11-21 19:39:00,CH065,0
TXN00267,565.26,Los Angeles,2023-12-19 00:50:00,CH066,0
TXN00268,4238.75,Phoenix,2023-02-24 07:50:00,CH067,1
TXN00269,2638.35,Los Angeles,2023-08-02 13:29:00,CH068,0
TXN00270,3619.26,Chicago,2023-11-13 20:53:00,CH069,0
TXN00271,2088.74,Chicago,2023-09-05 10:42:00,CH070,0
TXN00272,1501.14,New York,2023-12-07 17:24:00,CH071,0
TXN00273,2730.2,Houston,2023-08-24 21:07:00,CH072,0
TXN00274,2273.5,Chicago,2023-01-02 11:47:00,CH073,0
TXN00275,3977.66,Chicago,2023-09-21 22:00:00,CH074,0
TXN00276,2584.2,Phoenix,2023-11-04 11:55:00,CH075,0
TXN00277,3153.72,New York,2023-04-28 22:11:00,CH076,0
TXN00278,1461.47,New York,2023-11-16 03:31:00,CH077,0
TXN00279,4483.66,Houston,2023-05-15 06:39:00,CH078,1
TXN00280,2976.07,New York,2023-03-11 19:15:00,CH079,0
TXN00281,2905.82,New York,2023-12-05 18:13:00,CH080,0
TXN00282,4289.56,Houston,2023-08-01 01:04:00,CH081,0
TXN00283,45.04,Phoenix,2023-05-09 08:06:00,CH082,0
TXN00284,373.52,Los Angeles,2023-04-25 06:57:00,CH083,0
TXN00285,4754.98,Los Angeles,2023-12-24 01:05:00,CH084,0
TXN00286,2758.09,Los Angeles,2023-10-25 02:58:00,CH085,0
TXN00287,3092.49,Houston,2023-01-13 07:00:00,CH086,0
TXN00288,4717.44,New York,2023-03-05 01:32:00,CH087,0
TXN00289,2188.19,Houston,2023-07-22 04:01:00,CH088,0
TXN00290,146.5,Phoenix,2023-08-26 12:19:00,CH089,0
TXN00291,2061.41,Houston,2023-04-13 16:32:00,CH090,0
TXN00292,1193.13,Houston,2023-03-06 11:13:00,CH091,0
TXN00293,51.7,New York,2023-09-22 19:11:00,CH092,0
TXN00294,2611.81,Houston,2023-12-27 06:53:00,CH093,0
TXN00295,4753.38,Houston,2023-04-06 00:33:00,CH094,1
TXN00296,4511.23,Phoenix,2023-02-13 09:15:00,CH095,1
TXN00297,2330.32,Los Angeles,2023-09-16 09:19:00,CH096,0
TXN00298,2497.14,New York,2023-10-13 15:32:00,CH097,0
TXN00299,3059.58,Los Angeles,2023-10-08 04:50:00,CH098,0
TXN00300,1855.25,Phoenix,2023-06-09 21:03:00,CH099,0
TXN00301,3429.42,Phoenix,2023-02-15 18:51:00,CH000,0
TXN00302,753.47,New York,2023-09-10 19:18:00,CH001,0
TXN00303,1151.04,Los Angeles,2023-10-25 19:17:00,CH002,0
TXN00304,561.07,Chicago,2023-08-09 21:57:00,CH003,0
TXN00305,4521.43,Los Angeles,2023-07-04 19:03:00,CH004,0
TXN00306,3144.34,Houston,2023-04-16 04:09:00,CH005,0
TXN00307,4564.44,Los Angeles,2023-05-09 13:46:00,CH006,1
TXN00308,2347.75,Houston,2023-10-23 05:37:00,CH007,0
TXN00309,4333.4,Chicago,2023-10-06 18:56:00,CH008,0
TXN00310,4019.95,Los Angeles,2023-07-24 22:38:00,CH009,0
TXN00311,3866.47,Los Angeles,2023-04-18 23:48:00,CH010,0
TXN00312,2570.84,Chicago,2023-02-10 15:28:00,CH011,0
TXN00313,13.02,Chicago,2023-10-06 05:58:00,CH012,0
TXN00314,2413.29,Chicago,2023-03-22 14:49:00,CH013,0
TXN00315,4060.25,New York,2023-11-25 07:11:00,CH014,1
TXN00316,1317.99,Los Angeles,2023-05-24 22:20:00,CH015,0
TXN00317,4856.52,Los Angeles,2023-08-14 10:23:00,CH016,1
TXN00318,4565.39,Chicago,2023-12-07 22:49:00,CH017,1
TXN00319,134.67,Houston,2023-11-06 13:04:00,CH018,0
TXN00320,1746.45,Los Angeles,2023-01-13 22:38:00,CH019,0
TXN00321,4270.91,Chicago,2023-01-20 04:18:00,CH020,1
TXN00322,1936.47,Los Angeles,2023-09-20 20:02:00,CH021,0
TXN00323,1510.42,Chicago,2023-04-15 05:43:00,CH022,0
TXN00324,2831.98,Chicago,2023-06-17 15:34:00,CH023,0
TXN00325,4105.7,New York,2023-01-20 08:00:00,CH024,0
TXN00326,4409.85,Phoenix,2023-05-21 17:53:00,CH025,0
TXN00327,1557.12,Los Angeles,2023-08-18 23:34:00,CH026,0
TXN00328,1933.84,Houston,2023-11-02 10:28:00,CH027,0
TXN00329,3522.48,Phoenix,2023-05-26 05:13:00,CH028,0
TXN00330,204.01,Houston,2023-02-23 07:31:00,CH029,0
TXN00331,4478.37,Chicago,2023-04-01 05:02:00,CH030,0
TXN00332,2945.79,Houston,2023-08-28 19:57:00,CH031,0
TXN00333,3414.61,Los Angeles,2023-03-25 02:34:00,CH032,0
TXN00334,806.28,Los Angeles,2023-01-11 20:50:00,CH033,0
TXN00335,4529.2,Phoenix,2023-08-06 20:42:00,CH034,0
TXN00336,4120.74,Phoenix,2023-06-08 15:30:00,CH035,0
TXN00337,367.67,Los Angeles,2023-07-05 13:29:00,CH036,0
TXN00338,245.94,Los Angeles,2023-05-23 22:06:00,CH037,0
TXN00339,3053.32,New York,2023-04-09 13:17:00,CH038,0
TXN00340,1431.64,Houston,2023-07-06 09:06:00,CH039,0
TXN00341,1895.1,Chicago,2023-11-05 15:02:00,CH040,0
TXN00342,1572.78,Los Angeles,2023-10-28 05:20:00,CH041,0
TXN00343,4446.85,Houston,2023-02-26 11:19:00,CH042,1
TXN00344,340.13,New York,2023-12-17 17:54:00,CH043,0
TXN00345,2267.42,Houston,2023-12-10 05:01:00,CH044,0
TXN00346,1337.73,Los Angeles,2023-05-25 13:30:00,CH045,0
TXN00347,1459.66,Phoenix,2023-03-21 09:46:00,CH046,0
TXN00348,1436.73,Houston,2023-08-11 11:22:00,CH047,0
TXN00349,3377.31,Los Angeles,2023-01-20 03:31:00,CH048,0
TXN00350,778.43,Los Angeles,2023-09-24 17:34:00,CH049,0
TXN00351,2359.76,Phoenix,2023-08-05 03:00:00,CH050,0
TXN00352,4350.6,Chicago,2023-07-07 00:25:00,CH051,1
TXN00353,190.08,Houston,2023-12-25 05:27:00,CH052,0
TXN00354,706.19,New York,2023-05-24 10:43:00,CH053,0
TXN00355,4389.4,New York,2023-11-12 18:54:00,CH054,1
TXN00356,222.18,Houston,2023-01-08 06:42:00,CH055,0
TXN00357,2859.62,Los Angeles,2023-01-19 18:28:00,CH056,0
TXN00358,2010.19,Chicago,2023-07-24 10:40:00,CH057,0
TXN00359,1436.23,Phoenix,2023-11-16 19:32:00,CH058,0
TXN00360,4334.16,Chicago,2023-04-24 08:23:00,CH059,1
TXN00361,3976.02,Los Angeles,2023-08-09 23:57:00,CH060,0
TXN00362,4351.88,Los Angeles,2023-11-21 12:41:00,CH061,0
TXN00363,4728.3,Phoenix,2023-02-09 11:34:00,CH062,0
TXN00364,4035.48,New York,2023-01-05 00:30:00,CH063,0
TXN00365,1565.59,Chicago,2023-02-26 20:59:00,CH064,0
TXN00366,2383.56,New York,2023-04-07 12:25:00,CH065,0
TXN00367,4399.68,Chicago,2023-04-25 08:36:00,CH066,1
TXN00368,3760.04,Phoenix,2023-02-28 09:18:00,CH067,0
TXN00369,1484.62,Chicago,2023-06-15 02:29:00,CH068,0
TXN00370,4095.87,New York,2023-01-25 18:53:00,CH069,1
TXN00371,4784.55,Houston,2023-08-05 14:11:00,CH070,0
TXN00372,3317.52,New York,2023-12-24 10:16:00,CH071,0
TXN00373,4714.4,Los Angeles,2023-04-18 07:40:00,CH072,1
TXN00374,1511.02,Houston,2023-04-25 23:31:00,CH073,0
TXN00375,3078.8,Phoenix,2023-02-19 02:09:00,CH074,0
TXN00376,4739.24,Houston,2023-12-10 13:04:00,CH075,1
TXN00377,1716.99,New York,2023-09-04 01:51:00,CH076,0
TXN00378,3710.4,Chicago,2023-09-05 02:11:00,CH077,0
TXN00379,3770.89,Los Angeles,2023-08-08 21:03:00,CH078,0
TXN00380,1505.07,Houston,2023-03-26 02:34:00,CH079,0
TXN00381,2641.39,New York,2023-02-14 11:01:00,CH080,0
TXN00382,1180.09,Houston,2023-02-01 08:43:00,CH081,0
TXN00383,4825.07,Los Angeles,2023-01-22 08:33:00,CH082,0
TXN00384,3977.37,Houston,2023-01-10 17:53:00,CH083,0
TXN00385,1623.01,New York,2023-10-01 06:23:00,CH084,0
TXN00386,3323.83,Houston,2023-06-08 08:13:00,CH085,0
TXN00387,4590.85,New York,2023-11-25 20:16:00,CH086,1
TXN00388,2098.31,Houston,2023-08-05 04:51:00,CH087,0
TXN00389,19.65,New York,2023-12-09 12:34:00,CH088,0
TXN00390,1189.6,Los Angeles,2023-01-13 10:29:00,CH089,0
TXN00391,654.55,Los Angeles,2023-07-19 09:31:00,CH090,0
TXN00392,431.4,Los Angeles,2023-07-15 11:15:00,CH091,0
TXN00393,951.73,New York,2023-09-01 04:24:00,CH092,0
TXN00394,2745.31,Chicago,2023-12-09 21:28:00,CH093,0
TXN00395,2692.29,Phoenix,2023-02-06 02:57:00,CH094,0
TXN00396,4526.75,New York,2023-02-19 06:42:00,CH095,0
TXN00397,898.46,Chicago,2023-05-07 12:35:00,CH096,0
TXN00398,3864.1,Phoenix,2023-07-12 18:26:00,CH097,0
TXN00399,2710.62,Phoenix,2023-04-19 23:55:00,CH098,0
TXN00400,1631.91,Los Angeles,2023-11-05 03:51:00,CH099,0
TXN00401,2461.01,Chicago,2023-09-20 21:11:00,CH000,0
TXN00402,2510.55,Los Angeles,2023-06-26 22:48:00,CH001,0
TXN00403,1580.81,Houston,2023-10-28 04:23:00,CH002,0
TXN00404,3129.91,Houston,2023-11-14 02:42:00,CH003,0
TXN00405,2032.32,Phoenix,2023-06-08 09:41:00,CH004,0
TXN00406,2871.38,Los Angeles,2023-11-04 07:08:00,CH005,0
TXN00407,3492.14,Los Angeles,2023-07-12 11:17:00,CH006,0
TXN00408,772.52,Chicago,2023-07-07 21:39:00,CH007,0
TXN00409,3034.12,New York,2023-02-03 10:34:00,CH008,0
TXN00410,769.93,Los Angeles,2023-02-09 11:28:00,CH009,0
TXN00411,3474.0,Los Angeles,2023-09-27 13:08:00,CH010,0
TXN00412,3782.46,Houston,2023-12-20 23:43:00,CH011,0
TXN00413,3468.57,New York,2023-05-04 22:07:00,CH012,0
TXN00414,1915.04,Phoenix,2023-02-12 12:19:00,CH013,0
TXN00415,704.28,Houston,2023-10-10 00:30:00,CH014,0
TXN00416,177.12,Los Angeles,2023-02-07 00:35:00,CH015,0
TXN00417,4038.95,Phoenix,2023-08-05 19:14:00,CH016,1
TXN00418,4966.53,Houston,2023-05-27 06:52:00,CH017,0
TXN00419,3945.11,Chicago,2023-09-28 14:08:00,CH018,0
TXN00420,918.99,Chicago,2023-02-21 19:07:00,CH019,0
TXN00421,3721.11,Los Angeles,2023-05-22 20:48:00,CH020,0
TXN00422,1555.36,Chicago,2023-01-14 17:37:00,CH021,0
TXN00423,3329.54,Phoenix,2023-11-20 00:42:00,CH022,0
TXN00424,3116.3,Houston,2023-08-15 02:18:00,CH023,0
TXN00425,1899.55,New York,2023-07-13 00:19:00,CH024,0
TXN00426,1317.11,Chicago,2023-05-28 21:47:00,CH025,0
TXN00427,655.92,Houston,2023-02-07 20:03:00,CH026,0
TXN00428,2432.16,New York,2023-11-13 21:42:00,CH027,0
TXN00429,2116.78,Houston,2023-06-06 13:24:00,CH028,0
TXN00430,3984.75,Phoenix,2023-03-07 13:57:00,CH029,0
TXN00431,4162.99,Chicago,2023-04-27 19:01:00,CH030,1
TXN00432,1472.51,Los Angeles,2023-11-25 02:25:00,CH031,0
TXN00433,1009.71,Chicago,2023-06-19 02:07:00,CH032,0
TXN00434,4732.0,Houston,2023-01-19 23:17:00,CH033,1
TXN00435,4552.17,Los Angeles,2023-09-12 01:57:00,CH034,0
TXN00436,1063.64,New York,2023-11-22 13:04:00,CH035,0
TXN00437,4920.3,Phoenix,2023-07-18 13:21:00,CH036,1
TXN00438,73.32,New York,2023-12-21 13:35:00,CH037,0
TXN00439,1322.78,Houston,2023-01-10 16:52:00,CH038,0
TXN00440,714.54,Chicago,2023-01-04 23:59:00,CH039,0
TXN00441,4306.25,Chicago,2023-01-05 16:24:00,CH040,1
TXN00442,575.43,Chicago,2023-03-19 22:05:00,CH041,0
TXN00443,1155.91,Phoenix,2023-12-05 18:42:00,CH042,0
TXN00444,2223.82,Chicago,2023-03-27 01:43:00,CH043,0
TXN00445,2950.28,New York,2023-07-10 16:10:00,CH044,0
TXN00446,3353.71,Houston,2023-02-18 06:07:00,CH045,0
TXN00447,311.19,Chicago,2023-09-08 12:26:00,CH046,0
TXN00448,618.67,Los Angeles,2023-07-26 10:59:00,CH047,0
TXN00449,2462.66,Chicago,2023-09-28 21:22:00,CH048,0
TXN00450,3397.59,Los Angeles,2023-08-04 11:04:00,CH049,0
TXN00451,4166.47,Chicago,2023-05-01 21:38:00,CH050,0
TXN00452,3311.73,New York,2023-08-18 18:21:00,CH051,0
TXN00453,388.04,New York,2023-12-03 10:15:00,CH052,0
TXN00454,3733.17,New York,2023-01-20 20:39:00,CH053,0
TXN00455,4807.52,Chicago,2023-12-27 04:54:00,CH054,1
TXN00456,3232.3,Phoenix,2023-01-22 07:44:00,CH055,0
TXN00457,4759.88,Houston,2023-11-08 22:25:00,CH056,0
TXN00458,1797.99,Houston,2023-05-05 08:00:00,CH057,0
TXN00459,1532.8,Houston,2023-10-24 11:14:00,CH058,0
TXN00460,3232.61,Houston,2023-11-09 20:52:00,CH059,0
TXN00461,3414.2,Chicago,2023-07-11 19:59:00,CH060,0
TXN00462,177.12,New York,2023-08-02 19:05:00,CH061,0
TXN00463,1806.15,Phoenix,2023-12-27 01:53:00,CH062,0
TXN00464,4937.87,Los Angeles,2023-08-16 02:05:00,CH063,1
TXN00465,3654.92,New York,2023-03-25 13:49:00,CH064,0
TXN00466,4069.4,Los Angeles,2023-04-19 22:20:00,CH065,0
TXN00467,377.81,Phoenix,2023-04-04 16:29:00,CH066,0
TXN00468,2682.84,Houston,2023-01-21 22:35:00,CH067,0
TXN00469,4658.19,Houston,2023-12-11 18:17:00,CH068,1
TXN00470,625.01,Houston,2023-06-24 22:44:00,CH069,0
TXN00471,4110.16,Phoenix,2023-06-18 22:38:00,CH070,0
TXN00472,4877.69,Phoenix,2023-03-16 03:04:00,CH071,0
TXN00473,4331.63,New York,2023-10-14 08:35:00,CH072,0
TXN00474,2578.99,New York,2023-11-07 02:55:00,CH073,0
TXN00475,2577.54,Chicago,2023-06-17 11:42:00,CH074,0
TXN00476,38.79,Phoenix,2023-07-21 11:31:00,CH075,0
TXN00477,473.25,Chicago,2023-02-21 04:16:00,CH076,0
TXN00478,1779.39,Los Angeles,2023-07-11 04:22:00,CH077,0
TXN00479,4590.42,Chicago,2023-08-25 09:25:00,CH078,1
TXN00480,3791.68,Phoenix,2023-04-03 15:06:00,CH079,0
TXN00481,482.84,Houston,2023-04-12 20:57:00,CH080,0
TXN00482,4354.29,Chicago,2023-03-07 09:43:00,CH081,0
TXN00483,4525.65,New York,2023-02-26 07:26:00,CH082,0
TXN00484,4389.6,Houston,2023-11-16 16:05:00,CH083,0
TXN00485,2114.07,New York,2023-03-13 23:08:00,CH084,0
TXN00486,1819.76,Houston,2023-05-27 10:14:00,CH085,0
TXN00487,3364.86,Houston,2023-10-27 20:02:00,CH086,0
TXN00488,4740.46,Los Angeles,2023-08-02 05:43:00,CH087,1
TXN00489,3137.51,Chicago,2023-02-27 14:29:00,CH088,0
TXN00490,4775.94,Houston,2023-03-17 06:01:00,CH089,0
TXN00491,622.33,Los Angeles,2023-11-16 03:38:00,CH090,0
TXN00492,104.96,Los Angeles,2023-06-09 20:50:00,CH091,0
TXN00493,2731.05,Chicago,2023-02-27 01:08:00,CH092,0
TXN00494,3494.5,Phoenix,2023-10-02 04:41:00,CH093,0
TXN00495,1244.98,Chicago,2023-04-22 15:03:00,CH094,0
TXN00496,1520.94,Chicago,2023-11-15 12:43:00,CH095,0
TXN00497,2979.76,Chicago,2023-02-28 07:56:00,CH096,0
TXN00498,1908.94,Phoenix,2023-10-23 23:43:00,CH097,0
TXN00499,3297.6,Houston,2023-03-01 11:25:00,CH098,0
TXN00500,1433.48,New York,2023-12-13 22:37:00,CH099,0
TXN00501,4048.55,New York,2023-01-23 04:46:00,CH000,1
TXN00502,1481.1,Houston,2023-05-13 14:57:00,CH001,0
TXN00503,3798.19,Houston,2023-06-01 06:02:00,CH002,0
TXN00504,3090.23,Chicago,2023-03-16 17:02:00,CH003,0
TXN00505,2089.91,New York,2023-02-01 08:53:00,CH004,0
TXN00506,4945.52,Chicago,2023-01-02 20:41:00,CH005,1
TXN00507,470.76,Los Angeles,2023-04-10 21:18:00,CH006,0
TXN00508,4554.22,Chicago,2023-09-01 22:56:00,CH007,0
TXN00509,4786.11,New York,2023-07-22 12:43:00,CH008,1
TXN00510,2681.91,Los Angeles,2023-07-21 11:49:00,CH009,0
TXN00511,3259.77,Los Angeles,2023-04-03 01:08:00,CH010,0
TXN00512,2742.7,Los Angeles,2023-06-07 01:33:00,CH011,0
TXN00513,488.84,Los Angeles,2023-04-14 03:17:00,CH012,0
TXN00514,2880.19,Chicago,2023-04-10 08:33:00,CH013,0
TXN00515,906.52,Houston,2023-03-08 14:36:00,CH014,0
TXN00516,572.97,Chicago,2023-04-18 20:40:00,CH015,0
TXN00517,3537.5,Los Angeles,2023-10-15 23:52:00,CH016,0
TXN00518,3129.57,Los Angeles,2023-09-14 01:44:00,CH017,0
TXN00519,2901.99,Houston,2023-01-01 09:12:00,CH018,0
TXN00520,1131.3,Los Angeles,2023-10-14 09:07:00,CH019,0
TXN00521,1761.97,Houston,2023-04-11 15:17:00,CH020,0
TXN00522,3823.45,Chicago,2023-05-05 13:57:00,CH021,0
TXN00523,667.39,Los Angeles,2023-08-12 10:23:00,CH022,0
TXN00524,2756.19,Los Angeles,2023-04-23 22:45:00,CH023,0
TXN00525,4248.81,New York,2023-04-07 21:20:00,CH024,0
TXN00526,2173.04,New York,2023-01-02 16:35:00,CH025,0
TXN00527,1421.02,Phoenix,2023-12-11 05:30:00,CH026,0
TXN00528,1342.84,Phoenix,2023-06-23 20:52:00,CH027,0
TXN00529,1152.04,New York,2023-01-25 00:15:00,CH028,0
TXN00530,4737.2,Los Angeles,2023-01-26 14:16:00,CH029,1
TXN00531,1473.07,Los Angeles,2023-04-20 18:55:00,CH030,0
TXN00532,1079.47,Phoenix,2023-02-25 08:43:00,CH031,0
TXN00533,3672.53,Chicago,2023-01-21 19:48:00,CH032,0
TXN00534,431.52,Phoenix,2023-06-09 07:11:00,CH033,0
TXN00535,2358.49,Los Angeles,2023-09-26 08:34:00,CH034,0
TXN00536,649.09,Chicago,2023-12-12 18:13:00,CH035,0
TXN00537,2630.66,New York,2023-02-15 06:34:00,CH036,0
TXN00538,3304.45,Los Angeles,2023-03-22 14:01:00,CH037,0
TXN00539,967.37,Houston,2023-02-02 11:39:00,CH038,0
TXN00540,3130.35,Houston,2023-12-07 16:29:00,CH039,0
TXN00541,4425.37,New York,2023-10-09 17:57:00,CH040,0
TXN00542,3015.14,Phoenix,2023-07-19 15:29:00,CH041,0
TXN00543,4635.51,New York,2023-06-12 09:07:00,CH042,0
TXN00544,4437.12,Chicago,2023-08-17 13:55:00,CH043,1
TXN00545,1608.19,Los Angeles,2023-10-01 20:40:00,CH044,0
TXN00546,768.99,Los Angeles,2023-10-12 17:14:00,CH045,0
TXN00547,2757.61,New York,2023-01-14 20:53:00,CH046,0
TXN00548,1729.55,Phoenix,2023-02-27 21:16:00,CH047,0
TXN00549,4638.5,Los Angeles,2023-11-07 07:56:00,CH048,0
TXN00550,1826.15,Chicago,2023-07-19 06:55:00,CH049,0
TXN00551,1341.89,Houston,2023-02-28 04:01:00,CH050,0
TXN00552,666.45,New York,2023-11-26 22:03:00,CH051,0
TXN00553,1598.17,Houston,2023-04-28 22:46:00,CH052,0
TXN00554,1650.48,New York,2023-10-07 21:03:00,CH053,0
TXN00555,1903.04,Phoenix,2023-11-10 14:21:00,CH054,0
TXN00556,1539.16,Houston,2023-01-25 06:43:00,CH055,0
TXN00557,1823.92,Chicago,2023-09-15 19:01:00,CH056,0
TXN00558,813.72,Los Angeles,2023-05-19 19:53:00,CH057,0
TXN00559,2857.57,Phoenix,2023-12-22 03:36:00,CH058,0
TXN00560,3011.12,New York,2023-11-16 07:04:00,CH059,0
TXN00561,2535.81,Phoenix,2023-12-20 04:48:00,CH060,0
TXN00562,2511.95,Phoenix,2023-04-05 13:13:00,CH061,0
TXN00563,1444.08,Chicago,2023-12-22 18:45:00,CH062,0
TXN00564,2835.32,Phoenix,2023-01-01 09:31:00,CH063,0
TXN00565,4337.66,Chicago,2023-03-20 21:52:00,CH064,1
TXN00566,3645.02,Chicago,2023-06-10 20:06:00,CH065,0
TXN00567,2630.26,New York,2023-09-28 14:02:00,CH066,0
TXN00568,981.96,New York,2023-07-17 08:16:00,CH067,0
TXN00569,452.41,Chicago,2023-09-27 05:48:00,CH068,0
TXN00570,2683.14,New York,2023-01-07 01:13:00,CH069,0
TXN00571,923.36,New York,2023-04-11 14:02:00,CH070,0
TXN00572,928.67,Phoenix,2023-05-08 19:56:00,CH071,0
TXN00573,3523.62,Houston,2023-03-01 00:55:00,CH072,0
TXN00574,919.61,New York,2023-12-14 09:22:00,CH073,0
TXN00575,3594.03,Phoenix,2023-06-12 12:16:00,CH074,0
TXN00576,917.51,Chicago,2023-10-23 09:46:00,CH075,0
TXN00577,589.41,Los Angeles,2023-09-09 04:12:00,CH076,0
TXN00578,1524.72,New York,2023-04-17 21:35:00,CH077,0
TXN00579,803.29,New York,2023-08-09 09:41:00,CH078,0
TXN00580,1585.32,Houston,2023-01-22 06:28:00,CH079,0
TXN00581,2288.2,Houston,2023-06-26 19:15:00,CH080,0
TXN00582,2553.11,Chicago,2023-09-16 10:35:00,CH081,0
TXN00583,2736.24,Houston,2023-07-28 20:39:00,CH082,0
TXN00584,2768.71,Phoenix,2023-07-05 21:44:00,CH083,0
TXN00585,2977.53,New York,2023-10-09 02:36:00,CH084,0
TXN00586,3902.52,Los Angeles,2023-10-17 18:06:00,CH085,0
TXN00587,3121.73,Chicago,2023-04-05 14:14:00,CH086,0
TXN00588,3216.41,Houston,2023-04-05 08:10:00,CH087,0
TXN00589,317.47,Houston,2023-12-01 10:53:00,CH088,0
TXN00590,1453.0,Houston,2023-07-04 12:06:00,CH089,0
TXN00591,3344.94,Houston,2023-11-09 11:04:00,CH090,0
TXN00592,2010.09,Phoenix,2023-11-03 17:15:00,CH091,0
TXN00593,2575.71,Chicago,2023-05-09 05:29:00,CH092,0
TXN00594,1521.42,Los Angeles,2023-01-02 13:51:00,CH093,0
TXN00595,2745.43,Phoenix,2023-09-25 02:48:00,CH094,0
TXN00596,1122.7,Chicago,2023-10-15 23:02:00,CH095,0
TXN00597,2979.68,Chicago,2023-12-24 22:55:00,CH096,0
TXN00598,1893.35,Los Angeles,2023-03-06 02:01:00,CH097,0
TXN00599,1410.57,Chicago,2023-05-13 08:45:00,CH098,0
TXN00600,373.55,New York,2023-07-06 23:36:00,CH099,0
TXN00601,3805.15,Phoenix,2023-01-20 11:55:00,CH000,0
TXN00602,4756.81,Phoenix,2023-02-06 04:12:00,CH001,0
TXN00603,970.71,Houston,2023-07-16 00:24:00,CH002,0
TXN00604,1991.39,Los Angeles,2023-11-22 21:01:00,CH003,0
TXN00605,4088.28,Houston,2023-11-20 17:30:00,CH004,1
TXN00606,4453.12,Los Angeles,2023-12-28 14:13:00,CH005,1
TXN00607,942.01,Los Angeles,2023-02-21 17:20:00,CH006,0
TXN00608,2882.18,Phoenix,2023-07-24 07:57:00,CH007,0
TXN00609,1838.47,Phoenix,2023-05-26 14:20:00,CH008,0
TXN00610,2748.16,Phoenix,2023-12-15 03:59:00,CH009,0
TXN00611,2731.46,Chicago,2023-08-16 12:38:00,CH010,0
TXN00612,1626.26,Chicago,2023-06-20 19:44:00,CH011,0
TXN00613,365.03,Houston,2023-04-15 16:26:00,CH012,0
TXN00614,3631.28,Phoenix,2023-06-05 00:19:00,CH013,0
TXN00615,3825.59,Phoenix,2023-07-20 01:09:00,CH014,0
TXN00616,2445.21,Chicago,2023-09-17 17:08:00,CH015,0
TXN00617,4020.77,Los Angeles,2023-06-22 12:04:00,CH016,0
TXN00618,4751.7,Phoenix,2023-07-17 05:57:00,CH017,0
TXN00619,4630.49,New York,2023-10-12 08:04:00,CH018,0
TXN00620,3288.59,Los Angeles,2023-03-21 10:43:00,CH019,0
TXN00621,2656.02,Phoenix,2023-01-08 11:24:00,CH020,0
TXN00622,4684.44,New York,2023-02-01 03:53:00,CH021,1
TXN00623,4781.73,Phoenix,2023-08-06 03:42:00,CH022,0
TXN00624,110.86,New York,2023-05-27 05:54:00,CH023,0
TXN00625,1138.68,New York,2023-07-04 17:50:00,CH024,0
TXN00626,1013.5,New York,2023-08-24 17:29:00,CH025,0
TXN00627,2502.67,Chicago,2023-03-16 02:05:00,CH026,0
TXN00628,4347.4,Phoenix,2023-12-09 07:31:00,CH027,0
TXN00629,4541.72,Houston,2023-10-07 13:54:00,CH028,0
TXN00630,3957.3,Houston,2023-03-22 21:26:00,CH029,0
TXN00631,1596.21,Houston,2023-09-23 21:47:00,CH030,0
TXN00632,2793.12,New York,2023-07-19 13:03:00,CH031,0
TXN00633,2364.95,Chicago,2023-10-04 09:47:00,CH032,0
TXN00634,4634.96,Phoenix,2023-10-23 00:17:00,CH033,1
TXN00635,3981.29,Phoenix,2023-10-26 06:28:00,CH034,0
TXN00636,4078.44,New York,2023-05-08 15:33:00,CH035,0
TXN00637,340.06,Los Angeles,2023-12-21 20:47:00,CH036,0
TXN00638,87.02,Chicago,2023-03-08 14:02:00,CH037,0
TXN00639,362.54,Houston,2023-01-21 06:34:00,CH038,0
TXN00640,1284.5,Houston,2023-01-10 09:11:00,CH039,0
TXN00641,4480.63,Chicago,2023-06-12 17:51:00,CH040,1
TXN00642,4063.9,New York,2023-10-07 18:27:00,CH041,0
TXN00643,1366.11,New York,2023-03-12 12:30:00,CH042,0
TXN00644,603.79,Chicago,2023-07-25 08:56:00,CH043,0
TXN00645,205.9,Houston,2023-04-17 03:12:00,CH044,0
TXN00646,1006.87,Los Angeles,2023-06-27 17:48:00,CH045,0
TXN00647,1991.26,New York,2023-10-14 15:18:00,CH046,0
TXN00648,4887.95,Phoenix,2023-08-20 06:55:00,CH047,0
TXN00649,968.05,Chicago,2023-02-26 22:44:00,CH048,0
TXN00650,2656.06,Chicago,2023-03-05 12:06:00,CH049,0
TXN00651,214.84,Phoenix,2023-07-15 07:19:00,CH050,0
TXN00652,2774.44,Los Angeles,2023-10-19 17:39:00,CH051,0
TXN00653,1497.9,Phoenix,2023-10-11 23:12:00,CH052,0
TXN00654,4512.99,New York,2023-11-12 22:33:00,CH053,1
TXN00655,623.57,New York,2023-12-05 16:05:00,CH054,0
TXN00656,1251.58,Chicago,2023-05-14 17:11:00,CH055,0
TXN00657,3938.91,Chicago,2023-07-04 17:34:00,CH056,0
TXN00658,1672.57,Houston,2023-05-06 17:06:00,CH057,0
TXN00659,1498.98,Los Angeles,2023-10-14 18:47:00,CH058,0
TXN00660,3138.86,Chicago,2023-10-04 15:15:00,CH059,0
TXN00661,4768.41,Phoenix,2023-11-10 14:24:00,CH060,0
TXN00662,1710.86,Los Angeles,2023-12-23 03:14:00,CH061,0
TXN00663,1478.73,Los Angeles,2023-06-03 16:49:00,CH062,0
TXN00664,856.62,New York,2023-09-27 13:06:00,CH063,0
TXN00665,4256.46,Los Angeles,2023-10-05 11:28:00,CH064,1
TXN00666,4775.3,Chicago,2023-07-19 10:31:00,CH065,1
TXN00667,963.47,Houston,2023-02-28 00:44:00,CH066,0
TXN00668,1767.85,Los Angeles,2023-06-27 00:58:00,CH067,0
TXN00669,4795.27,Los Angeles,2023-05-13 03:07:00,CH068,0
TXN00670,690.13,New York,2023-09-26 22:47:00,CH069,0
TXN00671,1299.2,Chicago,2023-01-14 03:42:00,CH070,0
TXN00672,4705.53,New York,2023-12-09 12:35:00,CH071,0
TXN00673,3539.77,Chicago,2023-06-28 07:31:00,CH072,0
TXN00674,3287.05,Los Angeles,2023-12-10 00:38:00,CH073,0
TXN00675,3065.57,Chicago,2023-05-07 13:29:00,CH074,0
TXN00676,954.04,New York,2023-12-21 09:31:00,CH075,0
TXN00677,1779.16,Houston,2023-05-18 14:42:00,CH076,0
TXN00678,2566.23,Los Angeles,2023-07-09 12:16:00,CH077,0
TXN00679,748.44,Houston,2023-03-09 07:51:00,CH078,0
TXN00680,1978.38,Phoenix,2023-11-25 19:32:00,CH079,0
TXN00681,3527.06,Phoenix,2023-01-14 23:57:00,CH080,0
TXN00682,2733.05,New York,2023-06-03 10:41:00,CH081,0
TXN00683,347.49,Chicago,2023-01-10 08:20:00,CH082,0
TXN00684,4058.75,Houston,2023-01-26 11:32:00,CH083,1
TXN00685,2222.09,Phoenix,2023-03-27 15:30:00,CH084,0
TXN00686,1550.78,New York,2023-04-07 02:41:00,CH085,0
TXN00687,1280.97,Chicago,2023-03-20 17:01:00,CH086,0
TXN00688,4175.49,Los Angeles,2023-07-15 09:30:00,CH087,1
TXN00689,3829.94,New York,2023-09-27 06:25:00,CH088,0
TXN00690,4192.56,New York,2023-01-23 04:50:00,CH089,1
TXN00691,1367.52,Chicago,2023-05-14 15:36:00,CH090,0
TXN00692,3442.62,Houston,2023-08-27 11:53:00,CH091,0
TXN00693,4165.56,New York,2023-03-06 02:11:00,CH092,0
TXN00694,829.19,Phoenix,2023-06-10 15:55:00,CH093,0
TXN00695,197.25,Chicago,2023-10-24 18:06:00,CH094,0
TXN00696,3430.09,Houston,2023-10-06 17:56:00,CH095,0
TXN00697,4080.31,Chicago,2023-02-13 05:45:00,CH096,1
TXN00698,2875.49,Los Angeles,2023-06-27 00:59:00,CH097,0
TXN00699,1215.06,Chicago,2023-05-02 11:33:00,CH098,0
TXN00700,3505.5,New York,2023-10-17 19:50:00,CH099,0
TXN00701,265.6,New York,2023-03-23 05:11:00,CH000,0
TXN00702,1844.41,Phoenix,2023-04-11 22:07:00,CH001,0
TXN00703,3376.05,Phoenix,2023-08-03 05:52:00,CH002,0
TXN00704,4880.16,New York,2023-03-23 01:53:00,CH003,1
TXN00705,3373.22,Los Angeles,2023-05-25 11:45:00,CH004,0
TXN00706,3232.17,Los Angeles,2023-01-19 06:19:00,CH005,0
TXN00707,4229.02,Los Angeles,2023-06-04 10:23:00,CH006,0
TXN00708,2302.14,Houston,2023-04-05 06:55:00,CH007,0
TXN00709,3548.43,Los Angeles,2023-01-07 08:28:00,CH008,0
TXN00710,593.18,New York,2023-01-14 17:18:00,CH009,0
TXN00711,1848.35,Phoenix,2023-04-07 11:15:00,CH010,0
TXN00712,3812.55,Los Angeles,2023-06-07 23:21:00,CH011,0
TXN00713,728.75,New York,2023-08-10 04:43:00,CH012,0
TXN00714,2810.55,Chicago,2023-05-20 23:39:00,CH013,0
TXN00715,1282.99,Chicago,2023-06-08 14:14:00,CH014,0
TXN00716,301.54,Phoenix,2023-03-14 15:36:00,CH015,0
TXN00717,1738.18,Houston,2023-11-22 21:07:00,CH016,0
TXN00718,2380.55,Chicago,2023-03-25 01:40:00,CH017,0
TXN00719,4744.29,Phoenix,2023-09-03 05:54:00,CH018,1
TXN00720,2569.02,New York,2023-02-23 02:20:00,CH019,0
TXN00721,3186.98,Chicago,2023-10-26 09:01:00,CH020,0
TXN00722,3472.71,Los Angeles,2023-08-06 17:19:00,CH021,0
TXN00723,4104.08,New York,2023-02-01 07:54:00,CH022,0
TXN00724,939.41,Los Angeles,2023-10-28 02:47:00,CH023,0
TXN00725,3540.82,Chicago,2023-12-07 12:56:00,CH024,0
TXN00726,4060.4,Chicago,2023-07-21 20:15:00,CH025,1
TXN00727,3404.96,New York,2023-07-15 01:55:00,CH026,0
TXN00728,4990.94,Chicago,2023-02-22 08:15:00,CH027,0
TXN00729,3740.38,Houston,2023-07-24 21:32:00,CH028,0
TXN00730,1266.8,Houston,2023-06-09 14:09:00,CH029,0
TXN00731,3630.74,Houston,2023-10-23 04:10:00,CH030,0
TXN00732,401.16,New York,2023-09-23 13:25:00,CH031,0
TXN00733,435.45,Houston,2023-11-09 01:22:00,CH032,0
TXN00734,3040.4,Chicago,2023-05-17 05:38:00,CH033,0
TXN00735,4602.39,Houston,2023-07-25 10:20:00,CH034,1
TXN00736,4616.72,Phoenix,2023-07-11 13:12:00,CH035,0
TXN00737,2635.63,New York,2023-04-10 00:01:00,CH036,0
TXN00738,104.83,Los Angeles,2023-02-05 18:53:00,CH037,0
TXN00739,250.23,New York,2023-11-28 01:24:00,CH038,0
TXN00740,3688.09,Chicago,2023-12-20 03:58:00,CH039,0
TXN00741,3527.51,Houston,2023-01-21 06:53:00,CH040,0
TXN00742,3839.56,Houston,2023-08-01 02:40:00,CH041,0
TXN00743,548.94,Chicago,2023-10-16 12:23:00,CH042,0
TXN00744,431.22,Houston,2023-05-13 02:36:00,CH043,0
TXN00745,53.26,Phoenix,2023-07-09 21:07:00,CH044,0
TXN00746,1175.04,Los Angeles,2023-08-22 20:18:00,CH045,0
TXN00747,3520.49,Chicago,2023-05-19 14:01:00,CH046,0
TXN00748,3641.39,Los Angeles,2023-11-06 03:46:00,CH047,0
TXN00749,612.43,Chicago,2023-08-11 06:23:00,CH048,0
TXN00750,1113.36,Chicago,2023-03-16 08:26:00,CH049,0
TXN00751,1915.45,New York,2023-01-06 22:21:00,CH050,0
TXN00752,3937.12,Los Angeles,2023-09-27 16:50:00,CH051,0
TXN00753,4227.6,Houston,2023-12-10 12:48:00,CH052,0
TXN00754,1023.15,Chicago,2023-06-21 17:27:00,CH053,0
TXN00755,2227.17,Houston,2023-04-15 11:25:00,CH054,0
TXN00756,4664.92,Houston,2023-07-21 13:28:00,CH055,0
TXN00757,1929.18,New York,2023-10-01 09:09:00,CH056,0
TXN00758,379.56,Chicago,2023-05-14 23:47:00,CH057,0
TXN00759,2861.65,Chicago,2023-05-15 12:40:00,CH058,0
TXN00760,919.02,Phoenix,2023-02-14 01:21:00,CH059,0
TXN00761,3246.43,New York,2023-01-03 03:56:00,CH060,0
TXN00762,1385.87,Houston,2023-02-28 18:28:00,CH061,0
TXN00763,4668.11,Chicago,2023-05-20 05:44:00,CH062,0
TXN00764,4846.29,New York,2023-11-10 08:03:00,CH063,0
TXN00765,3258.44,Phoenix,2023-06-18 22:20:00,CH064,0
TXN00766,255.41,Houston,2023-12-23 16:09:00,CH065,0
TXN00767,149.1,Phoenix,2023-09-13 22:26:00,CH066,0
TXN00768,4912.56,Los Angeles,2023-03-20 23:01:00,CH067,0
TXN00769,1829.51,Los Angeles,2023-06-01 00:10:00,CH068,0
TXN00770,1783.88,Houston,2023-04-18 20:58:00,CH069,0
TXN00771,1994.03,New York,2023-08-16 00:20:00,CH070,0
TXN00772,707.19,Phoenix,2023-11-18 03:57:00,CH071,0
TXN00773,2457.86,New York,2023-12-05 23:09:00,CH072,0
TXN00774,2125.72,Houston,2023-03-18 17:20:00,CH073,0
TXN00775,3891.06,Los Angeles,2023-04-27 22:48:00,CH074,0
TXN00776,3038.54,Chicago,2023-10-02 16:32:00,CH075,0
TXN00777,3853.28,Houston,2023-04-24 00:04:00,CH076,0
TXN00778,1350.56,New York,2023-06-27 23:34:00,CH077,0
TXN00779,3163.88,New York,2023-02-22 02:39:00,CH078,0
TXN00780,2650.41,Los Angeles,2023-03-03 16:55:00,CH079,0
TXN00781,1278.38,Los Angeles,2023-05-22 00:43:00,CH080,0
TXN00782,2546.32,New York,2023-10-12 19:17:00,CH081,0
TXN00783,3460.78,New York,2023-01-07 07:13:00,CH082,0
TXN00784,1069.74,Phoenix,2023-10-08 19:11:00,CH083,0
TXN00785,2232.36,Phoenix,2023-04-26 15:52:00,CH084,0
TXN00786,194.49,Los Angeles,2023-01-09 12:46:00,CH085,0
TXN00787,4947.84,Houston,2023-09-22 20:22:00,CH086,1
TXN00788,3203.44,Phoenix,2023-04-02 22:40:00,CH087,0
TXN00789,3608.66,New York,2023-08-05 16:54:00,CH088,0
TXN00790,1484.26,New York,2023-07-28 03:49:00,CH089,0
TXN00791,3731.25,Los Angeles,2023-07-03 13:59:00,CH090,0
TXN00792,2709.35,Phoenix,2023-05-12 11:59:00,CH091,0
TXN00793,611.67,Los Angeles,2023-01-17 10:57:00,CH092,0
TXN00794,1359.64,New York,2023-02-09 19:45:00,CH093,0
TXN00795,1272.45,Los Angeles,2023-06-06 00:28:00,CH094,0
TXN00796,2602.04,Chicago,2023-08-20 23:59:00,CH095,0
TXN00797,1458.14,Phoenix,2023-10-23 11:42:00,CH096,0
TXN00798,3738.28,New York,2023-03-08 07:24:00,CH097,0
TXN00799,3444.88,New York,2023-02-25 18:19:00,CH098,0
TXN00800,3284.72,Los Angeles,2023-07-10 23:07:00,CH099,0
TXN00801,289.33,Houston,2023-05-17 06:27:00,CH000,0
TXN00802,1808.8,Phoenix,2023-04-22 09:51:00,CH001,0
TXN00803,3793.59,New York,2023-03-07 18:59:00,CH002,0
TXN00804,1922.73,Los Angeles,2023-06-05 01:45:00,CH003,0
TXN00805,1372.48,Chicago,2023-07-04 17:28:00,CH004,0
TXN00806,2272.63,Los Angeles,2023-05-05 19:27:00,CH005,0
TXN00807,3542.03,Houston,2023-06-23 16:56:00,CH006,0
TXN00808,2627.14,New York,2023-02-25 08:49:00,CH007,0
TXN00809,250.17,Houston,2023-07-11 12:24:00,CH008,0
TXN00810,1857.66,Houston,2023-02-04 23:47:00,CH009,0
TXN00811,3218.24,New York,2023-03-19 11:55:00,CH010,0
TXN00812,3698.5,Los Angeles,2023-04-15 16:58:00,CH011,0
TXN00813,3206.1,Houston,2023-05-04 12:32:00,CH012,0
TXN00814,3112.62,Los Angeles,2023-09-20 09:52:00,CH013,0
TXN00815,1546.98,Phoenix,2023-04-14 14:40:00,CH014,0
TXN00816,117.43,Los Angeles,2023-05-11 08:57:00,CH015,0
TXN00817,4174.19,Houston,2023-07-16 22:09:00,CH016,1
TXN00818,666.64,Chicago,2023-01-28 16:30:00,CH017,0
TXN00819,4675.68,New York,2023-11-12 05:41:00,CH018,1
TXN00820,3552.43,Houston,2023-02-20 14:05:00,CH019,0
TXN00821,4633.04,New York,2023-11-08 03:21:00,CH020,1
TXN00822,2323.95,New York,2023-03-10 00:55:00,CH021,0
TXN00823,1690.16,New York,2023-12-22 18:39:00,CH022,0
TXN00824,3063.18,New York,2023-02-17 01:02:00,CH023,0
TXN00825,2368.83,Los Angeles,2023-11-04 05:21:00,CH024,0
TXN00826,2864.17,New York,2023-11-27 18:11:00,CH025,0
TXN00827,4729.65,Chicago,2023-12-14 16:30:00,CH026,1
TXN00828,3666.31,Los Angeles,2023-07-18 13:40:00,CH027,0
TXN00829,4201.92,Chicago,2023-07-16 11:19:00,CH028,0
TXN00830,4639.03,Phoenix,2023-08-20 22:37:00,CH029,0
TXN00831,719.11,Phoenix,2023-08-16 16:43:00,CH030,0
TXN00832,3646.75,New York,2023-01-09 21:56:00,CH031,0
TXN00833,816.82,Chicago,2023-11-08 10:15:00,CH032,0
TXN00834,2659.77,Phoenix,2023-07-28 06:18:00,CH033,0
TXN00835,3367.85,Chicago,2023-04-06 15:56:00,CH034,0
TXN00836,2675.6,Phoenix,2023-05-17 18:12:00,CH035,0
TXN00837,1335.01,New York,2023-05-13 13:53:00,CH036,0
TXN00838,1484.58,Chicago,2023-02-19 06:17:00,CH037,0
TXN00839,91.46,Chicago,2023-05-01 05:59:00,CH038,0
TXN00840,3468.37,Phoenix,2023-09-19 23:35:00,CH039,0
TXN00841,1282.2,New York,2023-02-24 02:27:00,CH040,0
TXN00842,1857.39,Chicago,2023-08-10 01:02:00,CH041,0
TXN00843,4978.8,Houston,2023-12-23 04:05:00,CH042,0
TXN00844,3876.41,Houston,2023-08-20 23:19:00,CH043,0
TXN00845,2915.38,Houston,2023-05-21 16:57:00,CH044,0
TXN00846,2047.26,New York,2023-07-16 11:13:00,CH045,0
TXN00847,2225.19,Phoenix,2023-11-13 07:00:00,CH046,0
TXN00848,2404.08,Phoenix,2023-05-13 22:30:00,CH047,0
TXN00849,2489.36,Houston,2023-06-15 11:53:00,CH048,0
TXN00850,750.36,Chicago,2023-05-13 14:55:00,CH049,0
TXN00851,4371.62,Los Angeles,2023-11-21 10:55:00,CH050,0
TXN00852,4860.51,Los Angeles,2023-03-21 06:07:00,CH051,0
TXN00853,2784.23,Houston,2023-09-14 18:37:00,CH052,0
TXN00854,1325.91,New York,2023-11-22 11:50:00,CH053,0
TXN00855,4209.36,Phoenix,2023-09-25 10:19:00,CH054,1
TXN00856,821.26,Phoenix,2023-11-09 10:00:00,CH055,0
TXN00857,716.88,Los Angeles,2023-04-16 16:35:00,CH056,0
TXN00858,3238.29,Houston,2023-02-15 09:02:00,CH057,0
TXN00859,2644.69,Chicago,2023-10-10 09:20:00,CH058,0
TXN00860,2769.44,Chicago,2023-02-28 10:54:00,CH059,0
TXN00861,2332.14,Phoenix,2023-07-01 17:27:00,CH060,0
TXN00862,639.32,New York,2023-11-02 10:30:00,CH061,0
TXN00863,1626.86,Houston,2023-11-05 01:01:00,CH062,0
TXN00864,204.95,Chicago,2023-01-08 06:41:00,CH063,0
TXN00865,2719.3,Chicago,2023-02-23 14:05:00,CH064,0
TXN00866,890.12,New York,2023-02-17 18:11:00,CH065,0
TXN00867,760.87,Los Angeles,2023-08-19 19:31:00,CH066,0
TXN00868,3565.34,New York,2023-08-22 00:27:00,CH067,0
TXN00869,333.7,Houston,2023-11-13 03:33:00,CH068,0
TXN00870,3988.51,Houston,2023-07-06 21:07:00,CH069,0
TXN00871,3423.07,New York,2023-10-11 17:09:00,CH070,0
TXN00872,1267.63,Los Angeles,2023-01-06 07:15:00,CH071,0
TXN00873,1314.6,Houston,2023-04-27 21:08:00,CH072,0
TXN00874,3263.31,Chicago,2023-09-18 14:36:00,CH073,0
TXN00875,4667.07,New York,2023-02-15 12:53:00,CH074,0
TXN00876,2043.97,Los Angeles,2023-04-12 16:56:00,CH075,0
TXN00877,501.48,Chicago,2023-09-17 19:44:00,CH076,0
TXN00878,2107.81,New York,2023-12-12 04:00:00,CH077,0
TXN00879,224.44,Houston,2023-10-22 16:54:00,CH078,0
TXN00880,4366.44,New York,2023-09-17 18:48:00,CH079,1
TXN00881,1760.74,Phoenix,2023-03-25 18:32:00,CH080,0
TXN00882,1937.61,Houston,2023-08-10 20:17:00,CH081,0
TXN00883,2691.28,Phoenix,2023-08-20 15:22:00,CH082,0
TXN00884,3833.84,Houston,2023-03-20 14:23:00,CH083,0
TXN00885,2834.43,Los Angeles,2023-02-17 04:20:00,CH084,0
TXN00886,2709.59,Chicago,2023-03-14 09:30:00,CH085,0
TXN00887,2036.41,Phoenix,2023-05-08 12:44:00,CH086,0
TXN00888,3458.1,New York,2023-05-11 22:17:00,CH087,0
TXN00889,1270.22,Phoenix,2023-08-20 23:50:00,CH088,0
TXN00890,2408.78,Houston,2023-07-20 13:25:00,CH089,0
TXN00891,891.08,Phoenix,2023-04-22 03:48:00,CH090,0
TXN00892,908.23,Houston,2023-07-02 20:41:00,CH091,0
TXN00893,3568.06,Los Angeles,2023-12-28 03:03:00,CH092,0
TXN00894,3827.44,Houston,2023-10-18 16:10:00,CH093,0
TXN00895,3293.16,Phoenix,2023-01-05 13:46:00,CH094,0
TXN00896,3967.83,Chicago,2023-05-23 14:46:00,CH095,0
TXN00897,2871.22,Phoenix,2023-03-07 17:39:00,CH096,0
TXN00898,1628.65,Los Angeles,2023-04-08 04:26:00,CH097,0
TXN00899,542.69,New York,2023-09-28 07:46:00,CH098,0
TXN00900,634.84,Chicago,2023-11-20 07:16:00,CH099,0
TXN00901,3826.73,Phoenix,2023-03-27 15:07:00,CH000,0
TXN00902,3912.73,Los Angeles,2023-08-26 01:14:00,CH001,0
TXN00903,1732.09,Phoenix,2023-06-18 15:10:00,CH002,0
TXN00904,3291.34,Chicago,2023-01-07 16:30:00,CH003,0
TXN00905,2655.23,Chicago,2023-05-18 04:34:00,CH004,0
TXN00906,984.58,New York,2023-06-17 06:58:00,CH005,0
TXN00907,2134.02,Houston,2023-08-27 06:04:00,CH006,0
TXN00908,2973.26,Chicago,2023-08-17 19:02:00,CH007,0
TXN00909,328.46,Los Angeles,2023-12-07 19:57:00,CH008,0
TXN00910,1456.36,Chicago,2023-02-03 11:15:00,CH009,0
TXN00911,3006.18,Chicago,2023-09-14 13:22:00,CH010,0
TXN00912,1552.33,Houston,2023-11-25 20:37:00,CH011,0
TXN00913,3728.54,New York,2023-05-02 19:24:00,CH012,0
TXN00914,2563.3,Chicago,2023-05-12 15:31:00,CH013,0
TXN00915,3253.56,New York,2023-11-10 22:21:00,CH014,0
TXN00916,1853.22,Chicago,2023-07-03 18:20:00,CH015,0
TXN00917,4202.91,Houston,2023-05-23 16:41:00,CH016,0
TXN00918,4409.91,Los Angeles,2023-10-02 11:38:00,CH017,0
TXN00919,1883.84,Houston,2023-04-09 15:53:00,CH018,0
TXN00920,3658.84,Phoenix,2023-03-22 15:22:00,CH019,0
TXN00921,4327.12,Chicago,2023-10-23 18:41:00,CH020,0
TXN00922,4584.92,Phoenix,2023-11-19 22:18:00,CH021,1
TXN00923,3499.37,New York,2023-08-17 06:19:00,CH022,0
TXN00924,3173.61,Phoenix,2023-01-15 02:50:00,CH023,0
TXN00925,4476.33,Phoenix,2023-02-24 05:47:00,CH024,0
TXN00926,3214.74,Chicago,2023-02-19 21:39:00,CH025,0
TXN00927,1144.24,Phoenix,2023-04-06 19:11:00,CH026,0
TXN00928,3881.09,Houston,2023-01-06 14:11:00,CH027,0
TXN00929,3846.2,Houston,2023-05-17 04:15:00,CH028,0
TXN00930,3478.19,Houston,2023-10-24 09:53:00,CH029,0
TXN00931,1004.41,Chicago,2023-05-18 13:16:00,CH030,0
TXN00932,2722.64,Phoenix,2023-04-01 15:49:00,CH031,0
TXN00933,4308.31,Chicago,2023-10-04 15:13:00,CH032,1
TXN00934,1304.02,Chicago,2023-11-13 22:48:00,CH033,0
TXN00935,4034.94,Phoenix,2023-07-09 12:26:00,CH034,0
TXN00936,1417.25,Chicago,2023-01-13 13:29:00,CH035,0
TXN00937,42.89,Phoenix,2023-04-18 04:53:00,CH036,0
TXN00938,2697.06,Chicago,2023-08-26 08:23:00,CH037,0
TXN00939,3637.41,Phoenix,2023-10-11 00:53:00,CH038,0
TXN00940,4267.32,New York,2023-07-18 22:47:00,CH039,0
TXN00941,3700.07,Phoenix,2023-06-12 07:39:00,CH040,0
TXN00942,990.52,New York,2023-09-27 16:20:00,CH041,0
TXN00943,1547.51,Chicago,2023-03-15 05:17:00,CH042,0
TXN00944,2974.0,Los Angeles,2023-07-13 21:29:00,CH043,0
TXN00945,3319.62,Phoenix,2023-02-18 09:56:00,CH044,0
TXN00946,1390.69,Phoenix,2023-05-13 17:00:00,CH045,0
TXN00947,2105.81,Houston,2023-03-13 08:57:00,CH046,0
TXN00948,1109.15,Houston,2023-05-09 21:45:00,CH047,0
TXN00949,508.26,Chicago,2023-02-12 11:30:00,CH048,0
TXN00950,1337.28,Chicago,2023-07-22 22:40:00,CH049,0
TXN00951,1329.89,Los Angeles,2023-01-17 00:41:00,CH050,0
TXN00952,1848.43,New York,2023-08-04 23:47:00,CH051,0
TXN00953,4755.52,Chicago,2023-05-09 03:46:00,CH052,0
TXN00954,3152.88,New York,2023-07-27 23:02:00,CH053,0
TXN00955,4493.84,Los Angeles,2023-09-22 11:39:00,CH054,0
TXN00956,1945.37,Chicago,2023-06-27 19:56:00,CH055,0
TXN00957,2913.57,Houston,2023-11-28 19:26:00,CH056,0
TXN00958,1379.78,Los Angeles,2023-06-05 10:13:00,CH057,0
TXN00959,3647.99,Los Angeles,2023-07-03 20:56:00,CH058,0
TXN00960,706.84,Phoenix,2023-03-07 08:23:00,CH059,0
TXN00961,311.02,Los Angeles,2023-02-27 07:12:00,CH060,0
TXN00962,1246.7,Houston,2023-04-12 02:49:00,CH061,0
TXN00963,4209.3,Chicago,2023-04-06 21:11:00,CH062,1
TXN00964,2849.85,Los Angeles,2023-07-22 16:06:00,CH063,0
TXN00965,3367.23,Los Angeles,2023-11-17 04:59:00,CH064,0
TXN00966,2962.87,Phoenix,2023-04-22 07:32:00,CH065,0
TXN00967,1663.9,New York,2023-12-08 12:21:00,CH066,0
TXN00968,4034.91,Los Angeles,2023-12-20 17:19:00,CH067,1
TXN00969,2462.38,Los Angeles,2023-08-05 00:39:00,CH068,0
TXN00970,3388.79,Chicago,2023-05-07 02:32:00,CH069,0
TXN00971,3159.91,New York,2023-01-02 23:53:00,CH070,0
TXN00972,2848.97,New York,2023-09-06 19:12:00,CH071,0
TXN00973,1358.01,Houston,2023-09-12 15:49:00,CH072,0
TXN00974,632.34,Houston,2023-06-09 17:45:00,CH073,0
TXN00975,4952.63,Phoenix,2023-11-14 14:31:00,CH074,1
TXN00976,3449.1,Chicago,2023-02-21 19:29:00,CH075,0
TXN00977,161.36,Houston,2023-08-02 17:42:00,CH076,0
TXN00978,1259.92,Los Angeles,2023-07-14 16:45:00,CH077,0
TXN00979,4946.58,New York,2023-07-15 07:01:00,CH078,0
TXN00980,730.5,Houston,2023-07-16 18:53:00,CH079,0
TXN00981,2470.16,Phoenix,2023-08-21 13:19:00,CH080,0
TXN00982,1053.29,Chicago,2023-12-21 10:51:00,CH081,0
TXN00983,2105.82,New York,2023-02-16 21:32:00,CH082,0
TXN00984,648.59,Chicago,2023-05-17 00:43:00,CH083,0
TXN00985,4112.53,New York,2023-10-12 11:35:00,CH084,0
TXN00986,1680.75,Houston,2023-09-24 06:29:00,CH085,0
TXN00987,1695.6,Chicago,2023-05-04 21:45:00,CH086,0
TXN00988,2984.12,New York,2023-03-09 20:49:00,CH087,0
TXN00989,4019.49,Chicago,2023-07-17 07:12:00,CH088,0
TXN00990,1360.95,Houston,2023-03-25 06:04:00,CH089,0
TXN00991,1688.41,New York,2023-02-14 12:37:00,CH090,0
TXN00992,2571.14,Los Angeles,2023-01-17 14:02:00,CH091,0
TXN00993,179.94,Los Angeles,2023-07-27 17:19:00,CH092,0
TXN00994,2690.75,Los Angeles,2023-09-04 02:03:00,CH093,0
TXN00995,1777.6,Phoenix,2023-11-14 08:45:00,CH094,0
TXN00996,3529.34,Phoenix,2023-12-14 03:14:00,CH095,0
TXN00997,2082.39,Phoenix,2023-09-14 11:14:00,CH096,0
TXN00998,3294.85,Phoenix,2023-07-09 07:59:00,CH097,0
TXN00999,3448.04,Houston,2023-01-07 02:27:00,CH098,0
TXN01000,4456.99,Phoenix,2023-02-05 17:55:00,CH099,0
